sample,observed_species,PD_whole_tree,simpson_reciprocal
1,931,71.968118699,48.0388874794
1,934,72.795967736,48.6434556311
1,933,72.789860193,48.6244596227
1,941,73.291621463,48.3645965108
1,934,73.467832386,47.641876018
1,930,72.741525648,48.6492238929
1,929,73.143158573,48.6964567241
1,933,72.845257744,49.3565905701
1,932,72.933838402,49.2442545805
1,935,72.927452395,49.226149546
3,939,74.586151309,36.363760331
3,934,74.002776149,37.4904370096
3,912,71.874369383,36.2667464535
3,946,73.8578474,37.6313864579
3,932,73.664028278,36.8359740122
3,925,73.455940639,37.2837831855
3,933,74.750089919,38.3391940383
3,955,74.537446149,38.0361914362
3,939,73.806790389,38.1137504883
3,943,73.943956488,37.1188790099
13,924,73.707442392,42.9114334833
13,932,73.418890548,42.7452038545
13,932,74.091848935,42.1459672895
13,923,73.18934852,42.643354966
13,930,73.542076289,42.9949763057
13,931,73.75514518,42.0112905343
13,939,74.394983204,41.3785790855
13,920,73.036758153,42.3441174097
13,914,71.897313951,43.6202043334
13,921,73.288227986,42.6350598756
23,859,66.905179324,42.5878507509
23,872,68.462291897,43.3039272602
23,884,67.843197214,43.4248058775
23,879,68.197903415,42.7084640168
23,899,69.702617416,43.1560563456
23,887,68.473180013,44.2783391748
23,891,69.652170081,42.3911805149
23,890,68.810841118,45.6835472132
23,877,68.552462583,42.0810112067
23,880,67.828731329,44.4520383343
24,961,72.375230657,43.5471316049
24,966,73.546027898,43.1977105213
24,947,72.221371894,43.4506319351
24,960,73.273190068,43.3621375366
24,956,73.181822721,43.661568269
24,972,74.065289702,44.3930841124
24,959,72.974345672,43.0831949959
24,962,73.35821483,45.1103229335
24,970,74.240828443,44.365203262
24,965,73.652987525,43.6561478088
33,844,64.277512317,52.639630733
33,850,65.389329663,53.5707410005
33,839,65.077695958,53.4922051827
33,849,65.532988244,52.8452196545
33,846,65.587888489,53.657334203
33,839,64.111135808,53.4188034188
33,849,64.270375797,53.646359843
33,838,64.969066086,53.6630030487
33,840,65.436269451,54.1709058222
33,844,63.838484072,53.4092635029
36,861,69.609764207,58.3355057233
36,860,68.498586331,58.3147758708
36,853,68.168200332,57.7470355018
36,871,69.762318318,59.5602591616
36,861,69.411818594,58.68480027
36,855,69.114043517,58.7939162995
36,857,69.064451949,58.7291740843
36,852,68.985182965,58.3011765906
36,862,69.190468992,58.391709837
36,863,67.743300619,58.4631855494
47,914,70.064764976,67.2767829924
47,901,68.969742607,67.7871314604
47,901,68.774356528,66.687367537
47,884,68.237556079,65.5583212972
47,900,69.520081338,66.1716202328
47,915,69.563931132,68.1884045618
47,900,69.590570283,65.2524556334
47,908,69.51574367,65.5033007523
47,884,67.295785143,63.5093269401
47,920,69.698025077,65.3534703714
50,884,68.722625793,65.0868197156
50,867,67.711821741,66.167652289
50,881,69.34431518,67.2297155343
50,874,66.966253757,68.7559892913
50,866,68.389756745,66.7637522898
50,872,68.407384592,67.2981476185
50,869,67.671012037,65.4955248136
50,898,68.803769232,68.919620339
50,881,68.307648813,67.7674644168
50,869,68.447063295,66.2901936088
51,935,75.622317197,30.4575388595
51,942,75.981299755,30.525001407
51,948,75.466896275,30.6078918623
51,939,74.739262505,30.1179021752
51,944,76.124526795,30.0117796235
51,948,76.461203029,30.316351124
51,937,75.42646781,30.1602830543
51,960,77.082042735,30.6593582421
51,945,76.292705206,30.262222155
51,952,76.910105866,30.2063471087
53,916,74.522726694,42.4238888918
53,908,74.216791387,41.9054403738
53,916,74.540590731,42.3750696871
53,910,73.954937374,41.8184217989
53,915,74.501750166,41.6244460372
53,920,74.015074547,40.6321344314
53,906,74.950974415,41.9618750139
53,924,75.696331262,41.912136445
53,921,73.402748704,42.4519165714
53,912,74.188015707,42.4220891818
55,920,69.853626785,51.3507658485
55,914,69.717821497,51.6117377995
55,927,71.181862242,50.5838482611
55,917,69.381876821,50.7952633417
55,923,69.979061545,50.9011896562
55,924,69.832870071,51.4239616377
55,927,70.094480781,51.072849035
55,924,70.011116662,51.6126534872
55,901,68.612052891,51.8494034078
55,906,69.368821073,51.6715754663
72,847,67.821660537,44.4470371883
72,848,66.869222873,45.6952895296
72,843,67.095203896,45.1951228813
72,827,65.854996676,44.3591147584
72,844,67.137905334,45.030085726
72,837,66.710596577,45.4042396209
72,837,66.881673438,46.2532015888
72,854,68.475739195,45.813635856
72,831,67.053724022,44.8146633579
72,838,66.138217268,44.6200117964
89,846,68.230300443,33.8531197766
89,858,67.445819007,33.313553411
89,868,69.417780413,34.5118407969
89,866,69.6510472,33.9923241083
89,856,67.776208351,34.2903557303
89,854,67.477197252,34.2758477381
89,875,70.032328958,34.0547984275
89,848,68.698627647,33.2813312533
89,861,68.772484189,33.8470683679
89,864,68.891807231,33.6759156166
98,930,75.420332736,49.8241363687
98,925,75.064413505,49.9058027972
98,927,75.323487091,49.8784990936
98,927,74.885307613,50.1448716683
98,921,75.055658996,49.504950495
98,928,75.231187404,50.0767582811
98,926,75.418931647,49.4203151472
98,928,75.122111895,49.798549306
98,923,74.835004403,49.2624487748
98,932,75.567267014,49.3616154823
100,917,72.870132538,39.6247535836
100,905,73.435393829,38.1764084112
100,903,73.315396087,37.2010402341
100,902,73.350051456,37.6388225635
100,904,73.219138033,38.074886162
100,911,73.265996118,39.0817737263
100,908,73.542330891,37.8917952422
100,915,72.692075544,38.2463110238
100,911,72.317758781,38.2339727965
100,904,72.826181034,39.2531595727
101,924,74.969005105,55.5085274975
101,922,74.807686595,55.1674677443
101,927,74.342485529,54.2212055746
101,923,72.812103657,55.1069505363
101,914,71.969552735,53.0722180207
101,925,74.755094799,55.8320015075
101,928,75.599198691,54.222675584
101,934,75.627063651,55.5518906739
101,929,73.973427555,54.6221427925
101,934,75.112039048,54.9335475742
103,970,77.304558959,61.6679642634
103,962,76.961511442,62.2629871836
103,943,76.482106423,60.9935080035
103,951,75.898631845,62.4687656172
103,955,77.937363595,61.203490129
103,947,77.124174017,62.1376115079
103,950,75.866717548,63.615381404
103,970,77.905975566,62.4693753648
103,944,75.468373621,60.6268436718
103,948,77.797737901,61.0814081555
106,938,73.549845657,64.4631029315
106,930,71.70321241,64.1493396627
106,917,72.724975508,64.9170177933
106,935,73.54553423,65.1769656456
106,914,72.479528327,63.1023065865
106,920,71.857367523,64.0030721475
106,919,72.879707875,62.9580443657
106,921,72.387075332,64.4447979958
106,916,72.206751818,64.8005459446
106,931,72.265480436,65.0704082151
121,897,71.913722796,44.9460296503
121,898,72.036953023,44.4988937853
121,895,72.434375477,44.7735925351
121,935,74.168932112,44.1994444682
121,907,71.054559686,45.1884854091
121,911,71.389289148,43.8739610783
121,895,70.456818467,43.5435169827
121,895,71.262755706,41.6489333318
121,924,73.07417903,46.3288042101
121,912,70.99587875,45.7739225963
126,964,77.043300438,38.8842646317
126,965,77.336153473,38.5873182778
126,972,76.021736737,38.7196383586
126,975,78.532997162,39.7393101256
126,952,75.668363578,38.7643382625
126,952,75.470223796,37.8272500417
126,968,75.517761413,38.2698671438
126,954,75.951570699,39.5047097021
126,973,77.395819346,39.9962503515
126,977,76.760038537,41.0063470136
130,813,66.372865431,34.5874153689
130,812,65.04713838,35.5949077035
130,821,67.628004578,35.7973067001
130,821,67.753556809,35.0591184385
130,804,64.479211189,32.9255368406
130,813,65.309443375,35.1465280722
130,793,63.20803008,34.4798976809
130,814,65.909369852,35.2821969342
130,807,65.522782316,35.0248895621
130,794,63.209647962,34.9717220841
132,1586,108.742336183,251.934780384
132,1569,107.675788535,248.845202731
132,1570,108.380910261,254.171995012
132,1561,107.164948385,257.067343611
132,1573,108.305841638,253.96422279
132,1600,109.404868543,254.430671617
132,1554,107.932024386,253.956160818
132,1585,108.802977878,256.133189258
132,1569,107.906697268,253.917873438
132,1586,108.937429454,249.839946284
133,1561,106.443590282,248.427917087
133,1577,107.716758899,244.981702929
133,1597,108.476493533,244.244977713
133,1574,107.581093908,258.604666198
133,1579,107.529748695,257.452029446
133,1591,108.805220704,249.732707961
133,1578,107.278525923,246.677561592
133,1595,107.899475617,248.162049819
133,1566,106.517312003,244.312108719
133,1575,106.981064087,246.740328936
134,1551,105.861012766,256.848627866
134,1535,104.582075098,263.487253804
134,1543,104.975452082,253.391085385
134,1536,104.051225319,258.29990233
134,1534,105.312538148,267.498140052
134,1547,105.28890108,260.939054422
134,1533,104.752536167,263.821788382
134,1549,104.881943515,269.151835279
134,1540,105.016278013,260.365813969
134,1534,104.694753549,262.497334011
135,1554,105.195277937,248.723349682
135,1558,105.601602624,245.787056239
135,1553,105.107361158,245.037980887
135,1558,105.293742862,250.224811354
135,1555,105.150516421,247.220698553
135,1565,105.955679983,249.670357107
135,1553,105.374429104,248.285279786
135,1558,105.604455538,247.496036196
135,1559,105.60762048,251.507077566
135,1555,105.258476854,248.040864732
140,1588,109.250898542,263.218504261
140,1601,109.625582297,257.360924569
140,1560,107.384087386,246.746036642
140,1611,110.054599497,249.368785262
140,1581,108.389720254,257.406468946
140,1586,108.163906776,262.609352176
140,1589,109.346743877,253.805093551
140,1595,108.192907064,243.73152972
140,1590,109.335883393,251.59804068
140,1589,108.602936217,259.571706684
141,1603,109.04928032,238.380798427
141,1588,111.278540446,245.523040803
141,1598,111.641583476,241.207242247
141,1585,108.679652377,248.391278361
141,1576,108.1285965,252.326131525
141,1559,110.215562141,237.430996617
141,1606,111.957159045,238.658144582
141,1615,110.365712216,249.300789193
141,1600,112.180346356,239.204048529
141,1597,108.942339509,237.690245044
142,1579,107.135247974,243.08351438
142,1592,107.043059751,231.9092655
142,1607,109.641647167,227.42455901
142,1584,107.02568987,213.279302577
142,1604,109.454043994,239.273804005
142,1599,108.616137269,232.104388949
142,1574,106.935768218,241.722879826
142,1586,106.428219149,234.133778188
142,1583,107.894091609,229.091794218
142,1600,107.407738762,236.924717171
4,981,78.045048525,45.685308176
4,969,76.333500655,45.0542410824
4,972,77.320406501,43.9035165345
4,975,77.345575184,45.6040542004
4,972,77.954418236,45.1175099646
4,980,77.768235504,46.3776853767
4,972,76.445487201,44.6643543558
4,976,76.048184501,44.7494867793
4,966,75.74094868,44.3904976591
4,977,77.806227663,45.1444976617
8,933,73.671813441,53.0954656472
8,937,74.056871706,53.3198256442
8,934,73.785763543,53.1513784478
8,936,73.34639329,53.3654415407
8,935,73.581351145,53.3311112037
8,930,73.460473935,53.7535968715
8,928,73.275631328,53.9653576132
8,936,73.579423192,53.1198799491
8,943,74.270936503,54.1161230533
8,937,73.760221139,53.1099176132
14,891,70.168782364,66.0587881928
14,889,71.387799775,63.4750612435
14,894,70.054603793,65.3274538625
14,892,69.163888282,64.4968839943
14,883,71.68294083,66.8319364762
14,890,71.734411412,65.7221841125
14,884,69.437320592,65.2468676406
14,874,70.461366525,65.8277739721
14,900,72.119173898,66.6522253512
14,891,71.797284865,65.1472429483
25,948,75.084725818,47.3885923811
25,940,73.789814353,48.0414838213
25,945,75.385040585,46.7994308019
25,927,74.113868819,45.981570012
25,950,74.900657854,46.1490093827
25,935,74.94326123,46.0074848427
25,929,74.254523936,46.7742572029
25,928,73.677772055,46.8303876532
25,938,74.178298716,46.3939571871
25,935,74.282006353,47.8753803849
30,904,69.688488443,60.3285265323
30,901,70.806216615,58.4692743963
30,900,70.528634645,60.3290952144
30,902,70.213717176,60.5174621246
30,904,69.090138805,59.8794551718
30,888,68.718292714,60.4713743632
30,909,69.968747039,61.4655303227
30,898,70.075380586,61.3171302817
30,900,69.370689675,60.759916683
30,911,69.772010853,61.3928895523
32,893,70.657239451,63.7845358379
32,907,71.760453526,64.8833215394
32,903,69.894647761,63.0576662358
32,910,71.751067693,63.9344033022
32,889,70.674083308,63.819136567
32,910,71.603210313,64.5087157323
32,902,71.628898555,64.0212550567
32,905,71.659015206,63.2016369224
32,909,72.061540775,63.4761944435
32,895,70.222208264,63.1914028096
54,985,76.707011721,71.6959910738
54,964,75.852891267,71.8265030818
54,990,75.160190933,71.240134911
54,976,75.94154832,70.0290839539
54,968,77.012925803,70.6979210393
54,957,73.513929267,71.4569628111
54,994,77.578009079,73.1176211182
54,961,75.673030824,70.7174506359
54,963,74.276085879,71.9257905656
54,981,74.712076173,70.3227153358
73,837,69.438599928,62.9783649636
73,817,66.445984792,62.4020093447
73,819,69.233804545,62.6835206983
73,840,69.723465009,62.7554342284
73,818,67.3257591,61.3797005821
73,811,66.633275504,61.3735790578
73,808,67.91086127,62.9084132139
73,824,65.509036538,61.4544344176
73,829,70.23690878,62.6381219525
73,817,66.706812208,63.121848839
80,860,70.43333101,40.6653874014
80,856,73.55778244,42.4787971067
80,853,70.790030661,40.3554813463
80,871,72.35405875,41.7053853382
80,878,73.690197248,41.0469538671
80,863,72.839169195,42.285477185
80,847,70.195535882,40.7960845958
80,854,70.954121682,41.9036295091
80,885,75.496440955,40.9020434405
80,840,71.757467726,41.0560119473
122,929,72.648912422,39.9460229365
122,933,73.636674071,39.8790170321
122,925,72.604887492,39.7615796282
122,941,73.759932978,39.9184167358
122,917,72.933088523,40.2449913851
122,931,70.544081857,40.5288508424
122,941,74.495982987,39.6516110326
122,939,74.359727892,39.2469491629
122,947,74.478076269,39.7914925789
122,953,75.046882363,39.5906818381
131,1531,104.588886794,69.5428427376
131,1531,104.921668953,68.0342977904
131,1540,105.567615578,70.9487173802
131,1530,105.305741035,67.8705200154
131,1546,105.957225736,70.0474790569
131,1511,104.605095278,68.8852006604
131,1531,104.931665284,67.9280048059
131,1554,106.287188974,69.1410520675
131,1537,105.547987905,69.909750881
131,1542,105.939476012,67.5849775491
136,1571,107.298351256,224.812246647
136,1596,108.218976202,230.502712008
136,1586,108.609894764,229.858636938
136,1588,109.225623803,230.075133911
136,1572,107.878742916,224.033156907
136,1579,108.118746716,233.362017415
136,1567,107.586795833,225.615860795
136,1575,107.770803067,224.649686894
136,1584,107.904149099,228.437629389
136,1566,107.81831308,218.579234973
137,1588,108.671101601,218.772005387
137,1590,107.980027574,217.360295067
137,1573,108.079028939,218.306352033
137,1587,108.687453737,221.843240021
137,1590,108.842528889,218.458366614
137,1584,108.22923681,216.536631908
137,1577,108.59054793,217.398688814
137,1571,107.582870746,216.083354154
137,1590,108.536013084,221.927859575
137,1589,108.890708312,220.511725022
138,1574,109.092735314,279.845035811
138,1555,107.155053217,276.759150349
138,1553,107.36204018,271.432570212
138,1561,107.766216255,281.1456686
138,1568,107.192967128,274.548496418
138,1569,108.36883273,277.719919461
138,1570,108.273388308,276.207328126
138,1560,106.739189211,280.109592878
138,1560,107.601183631,280.475405813
138,1567,106.895417768,278.118182845
6,941,74.271744838,51.7739871309
6,944,74.382297699,51.8384842427
6,941,73.956560589,51.7528864364
6,943,74.328407348,51.8632689743
6,943,74.32208941,51.8166597038
6,942,74.226042074,51.6921088765
6,943,74.397110052,51.5904364228
6,942,74.165381289,51.7865552393
6,941,74.004651331,51.8729372402
6,941,74.306179705,51.5936804191
9,952,74.785051661,63.1232184951
9,953,75.551894579,63.3050373005
9,956,75.48973394,63.280500707
9,958,75.766152558,63.4293892146
9,953,75.283144898,63.1350498175
9,952,75.46177299,63.2423565683
9,952,75.394782709,63.0474786919
9,957,75.727787759,62.9770015862
9,955,75.677784124,62.8640466766
9,952,75.306882676,63.4336642456
10,986,75.238870652,47.8355175728
10,988,75.381947806,49.2626762873
10,985,75.866801244,49.4254293834
10,992,76.289752103,48.2830837198
10,975,74.391339951,50.0322082341
10,980,75.078635361,48.6621704849
10,955,73.280781795,48.0463887884
10,986,75.868771608,49.5047207392
10,984,76.168948988,46.970891258
10,974,74.675697014,48.7229264208
38,865,67.784272121,46.2792227983
38,870,68.156663304,46.2957604657
38,866,67.674701194,46.1205418011
38,873,68.12333901,46.1626570071
38,867,67.812968786,46.1530695397
38,874,68.261017912,46.4585517127
38,874,68.27243721,46.0244907822
38,872,68.146443924,46.3080877075
38,871,68.21113925,46.1401593854
38,863,67.260218096,46.1696503803
40,888,70.117201909,60.8341888141
40,895,69.703699164,61.2847192298
40,883,70.120073787,60.1829561868
40,917,72.478544292,62.4418266576
40,885,70.077740543,60.4580071907
40,882,70.486712831,60.0977339398
40,908,70.620082907,61.4734415522
40,890,68.665985787,60.6685676151
40,904,71.263607392,59.0373226574
40,902,69.535721096,58.7616352629
41,842,67.803119279,38.4580254688
41,849,67.039986005,38.2022042672
41,831,66.154474924,38.4073434841
41,843,66.911135202,37.7432374734
41,847,67.465486179,38.5968128682
41,834,66.722075847,38.0397182208
41,841,66.864296943,38.6030054852
41,862,67.849439062,37.5253882705
41,853,67.547505076,38.5174164924
41,845,67.456556057,37.8728702428
61,837,67.632058813,48.7865861281
61,842,67.98932904,49.1661724442
61,845,68.215020446,49.6137876716
61,847,67.975660661,49.1289589113
61,848,67.672710862,49.1372572504
61,846,67.923553064,49.0268927828
61,844,67.94300759,49.2350867691
61,841,67.71354822,49.1180244731
61,841,67.901843157,48.7711945132
61,845,67.987500812,49.1104109467
63,872,67.251749203,57.3095665785
63,885,68.659012094,58.0229408202
63,888,68.833648434,56.7580175134
63,891,68.355681231,56.5730853546
63,898,68.773301774,57.3626791239
63,887,68.790978975,56.5750857466
63,893,67.59901405,56.726625528
63,874,67.833313254,57.2617775845
63,876,67.772536628,57.4180536715
63,883,68.776915769,56.5460939019
66,943,74.289512695,52.8565670981
66,951,74.897220872,52.8413800847
66,939,74.100021659,52.2658042809
66,939,74.57985762,52.9896951602
66,941,73.499792917,52.737574533
66,949,74.963054171,53.51492732
66,942,74.128119215,53.4792425334
66,944,73.582032829,52.8067619059
66,950,74.770920977,52.917752583
66,953,74.679657427,52.9818868174
82,848,71.172876466,33.888109933
82,854,71.203954506,33.6823314068
82,855,69.542669031,34.1645278249
82,864,71.631050695,34.144988156
82,864,72.113961511,34.9042043205
82,843,68.909860567,34.5818834158
82,852,71.357861666,34.3420229383
82,852,70.945510146,34.2255140512
82,857,71.203047577,34.2386972176
82,850,69.65483146,34.5070027649
110,921,74.89211709,68.0995956587
110,923,74.263348075,71.0642087333
110,944,76.952577313,69.5286392811
110,938,74.948550887,69.9358775423
110,951,76.19226135,70.1160859448
110,950,75.104412763,68.006248074
110,943,74.308128517,68.8631130431
110,939,74.694184836,68.4594484736
110,931,75.397592464,67.2380500125
110,930,75.31108251,68.4960828803
143,1514,103.776602467,220.041670391
143,1525,103.58825128,218.123321473
143,1512,104.276688081,221.964804706
143,1546,105.695222019,220.889217155
143,1568,105.855537274,225.090563782
143,1533,105.702701428,221.920164221
143,1552,105.320098783,229.812415616
143,1535,105.260222967,235.572994501
143,1511,104.594528021,215.488215488
143,1544,104.737494135,223.187819525
139,1581,109.669083289,241.956825829
139,1565,108.437957267,234.8468725
139,1574,109.16496498,235.7917075
139,1572,109.340468547,233.293964977
139,1568,109.041562764,230.525959384
139,1583,109.637174278,231.98492098
139,1564,108.392198694,241.24542953
139,1577,109.063182575,237.415142635
139,1547,108.230481315,240.644928408
139,1566,109.125231482,237.427473327
12,902,72.869472465,39.5290118241
12,914,73.418598875,39.5269610931
12,918,73.070413459,40.3697872512
12,917,74.215851402,40.2038839465
12,901,70.965865921,38.8188397534
12,888,71.34181943,39.8333968178
12,918,73.774508708,38.7193572587
12,912,72.839845072,38.0147734913
12,915,72.909132391,40.103768501
12,929,73.837436493,38.2377648115
22,868,68.137750143,17.3926938728
22,881,68.907104798,17.7191470889
22,868,68.120957254,17.809389444
22,872,68.716874441,18.1454139451
22,869,68.290434628,17.6241927294
22,870,68.608303861,17.7037661996
22,877,68.349445615,17.3911720237
22,882,68.89015175,18.0296316997
22,870,68.136531446,17.5518657633
22,870,68.342261596,17.6607946364
35,909,69.785424135,39.9257381271
35,910,71.128258605,42.728994026
35,903,69.319037547,42.8950973585
35,893,70.261113742,41.5208570943
35,911,71.515481314,40.6636304489
35,893,70.425667475,42.7468026727
35,913,71.82013878,40.946373047
35,905,71.752978844,40.7419620565
35,895,70.886535469,40.9777286045
35,909,70.785480843,41.5237665171
49,925,74.386697713,66.1524690375
49,959,74.426432853,65.955583037
49,922,70.920016489,64.4418130704
49,917,72.290122384,64.7216463569
49,929,73.896874333,63.3753723303
49,916,72.06498676,66.65569625
49,906,73.030354056,66.5821905125
49,904,70.940127855,64.2111261829
49,939,73.710764658,64.5426748098
49,906,71.188721633,65.1037693048
64,887,66.866577982,56.317404894
64,893,67.416776627,55.2453757894
64,889,67.226253873,55.503232196
64,877,66.729676089,54.6730975898
64,872,67.024275355,54.7219015861
64,873,66.762020275,56.5383011654
64,890,67.129067554,56.5473929001
64,888,67.241222069,56.423259078
64,877,66.667687955,55.9078917483
64,885,67.547837857,55.7518485222
71,861,67.855049047,39.2606724617
71,872,68.224850064,38.6459427799
71,868,67.968961405,39.2241463845
71,852,67.614921024,38.7753296812
71,851,67.220866236,38.6869176561
71,867,68.433467522,38.6498169569
71,847,66.248561568,38.1554237339
71,848,67.543755207,38.4392233835
71,876,68.703783661,39.3385711002
71,876,68.350274762,38.8895573032
16,780,63.19082524,45.8864911604
16,768,62.397986251,46.1806442489
16,777,63.373692316,46.617941206
16,771,63.184226604,47.0797324694
16,765,62.34850651,46.6553916137
16,770,62.873687503,47.0421512376
16,763,62.358469246,46.8436184353
16,775,63.539140953,46.031045063
16,772,63.613694646,46.2843100528
16,779,63.625046959,46.1573967228
43,946,71.863646695,52.9646113639
43,940,71.883792674,52.3037343232
43,948,73.413058021,52.4318549735
43,960,74.138303567,52.7389651956
43,956,73.225564327,52.4269585974
43,943,70.563541196,52.5574970806
43,946,72.767640972,52.6937194027
43,949,72.873210336,51.7674541251
43,950,73.145818809,51.1704439516
43,944,71.046375418,52.3375246968
75,788,64.695954281,31.7899952911
75,778,62.214179844,31.414157379
75,796,66.082462165,31.9529014233
75,788,65.236810649,31.9035237442
75,783,63.375966992,31.7830173406
75,793,65.555745969,32.2863801923
75,783,65.151429329,31.5139291567
75,784,65.082177159,32.0244346436
75,786,65.072512869,32.2465571762
75,779,64.373021631,31.8649245847
92,912,73.516788164,44.0651779063
92,907,72.493654168,44.5659485514
92,892,72.606705659,43.2680931616
92,924,74.739468063,44.3621895513
92,906,72.915363352,43.7869709131
92,912,71.356680803,43.6466205922
92,896,71.373157109,43.8991800456
92,915,71.708078994,42.7260273607
92,909,72.434571238,44.4504946507
92,907,73.454215849,43.4642058682
112,918,70.403122205,49.8618670464
112,936,71.569546733,52.0122228724
112,925,72.305316236,51.8452871824
112,908,70.360667467,53.6268509643
112,906,68.659612681,53.3248013651
112,937,71.983751623,52.1417211982
112,925,71.491949224,52.2914266572
112,894,69.803257677,50.9256533204
112,930,71.964851994,52.7653147204
112,918,70.059952909,51.1553924977
57,964,72.64199242,65.4880187623
57,965,75.377543264,67.163677883
57,963,75.119980766,67.9665264857
57,988,77.498786483,68.8903910821
57,975,75.572811753,67.6840424294
57,985,76.488510438,68.2538531433
57,962,75.53877522,68.0318389006
57,953,74.56947501,68.0853961081
57,960,76.084661365,67.8544014182
57,978,76.596445647,67.1294402454
65,878,68.873023076,51.1723260061
65,900,70.363552442,51.9863665754
65,900,71.047802883,51.9274832696
65,875,67.692948142,52.1981965523
65,894,67.734831786,52.3022810332
65,884,67.375084635,50.6539905055
65,861,67.854822533,50.1068685556
65,889,69.867673624,51.8437752637
65,881,70.174283219,51.2056531041
65,876,69.842644676,50.8130081301
114,910,71.854064164,29.407764385
114,894,71.411935277,28.9766095375
114,915,72.0896708,29.6822056105
114,899,73.414364539,30.0343423934
114,897,72.967515568,28.4400204413
114,914,71.592767979,29.1114458927
114,912,72.309510247,30.006573315
114,901,71.893659624,29.3868345145
114,911,72.14193369,29.3036804507
114,916,72.003872071,30.0009750317
127,972,80.677266454,40.0804615265
127,970,79.630044077,39.5398549382
127,982,81.293767718,40.2356804985
127,965,79.953469265,38.6857016438
127,971,80.135190702,40.0852312229
127,953,80.165828587,40.165028059
127,971,80.736236418,38.7949794447
127,971,80.470443296,39.5795171052
127,967,78.513569893,39.4995408178
127,952,75.662712766,40.2749774083
2,949,72.546717292,44.1180931057
2,969,73.556158271,47.0541181176
2,952,73.738205276,45.8384424097
2,953,73.174695659,44.8552437182
2,963,74.877680848,43.5682980725
2,953,74.440284047,44.5929637877
2,945,71.572691228,44.3470042213
2,954,73.531231647,45.5075514093
2,949,72.312820789,44.8218192616
2,963,75.062753958,46.2935502958
5,894,72.51227272,51.2473935896
5,903,73.608683417,51.1556378309
5,899,72.938831273,49.6719324089
5,921,74.929687335,50.1561108952
5,890,72.447856038,50.5091958305
5,892,74.581120892,48.4435980271
5,886,73.037164575,49.4524684509
5,903,75.014069373,50.0492672474
5,916,73.830236617,50.9962597431
5,915,75.093410335,50.2565439517
7,961,73.098052624,46.175579756
7,918,71.362255291,45.9162516268
7,950,72.373230788,46.1425545383
7,946,72.481559583,45.1694135316
7,953,73.54864158,45.9969038334
7,929,72.479521621,45.3386870766
7,929,72.767609385,44.7642602146
7,950,72.669676949,46.2426409172
7,943,73.314672812,46.0624520483
7,931,71.985898053,45.9054491203
11,884,70.993575008,34.0055450292
11,896,72.507556342,33.977995001
11,889,72.049708263,34.1672272227
11,882,71.555478641,33.9245391033
11,891,70.700750524,34.3159122885
11,883,71.567241582,33.9787887411
11,881,71.239508028,33.8964738134
11,886,71.467214752,33.8135920073
11,885,70.710182696,34.3801368759
11,872,69.801612957,33.3061679901
15,862,68.185630173,48.6077672174
15,866,70.007423998,47.2381897145
15,867,70.081219325,48.813451767
15,868,70.496652237,49.901211196
15,870,70.574137155,48.8717498377
15,862,69.927207901,48.7083163362
15,872,69.95034726,48.7790006402
15,875,68.906551465,49.0023429245
15,857,69.792424036,48.1341981444
15,860,69.600150624,48.536841738
17,837,68.584265357,53.1814117671
17,837,68.678493373,53.1987405198
17,842,68.795314214,53.1785836549
17,838,68.158773013,53.0781160586
17,850,69.210097798,53.41167045
17,847,69.235655716,53.2930970451
17,838,68.595241755,52.6201548348
17,834,67.774666972,52.9885544722
17,841,69.09651478,53.4856783739
17,844,69.075200171,53.3010861762
19,890,72.780062519,59.0175060677
19,897,73.176506652,59.8209111473
19,890,72.266678456,56.7019990999
19,889,70.396046876,59.0127172406
19,892,70.020108707,57.7180796473
19,904,72.490701817,59.2844002364
19,884,69.873588161,57.8265528688
19,896,71.759399158,59.2030163937
19,902,72.932631425,59.2679299379
19,891,71.289051028,58.1779043955
20,883,69.398392222,57.9297710145
20,897,71.063850675,56.1457684513
20,918,72.128799109,56.5568873917
20,907,70.82379496,54.5876669402
20,883,70.521057913,57.8944511787
20,890,70.103884115,54.8806945152
20,895,71.395367076,56.2914489771
20,911,71.431781361,57.2344322344
20,898,70.111704132,55.6009243654
20,886,69.05809419,57.0484216306
21,904,73.000574652,64.8727986328
21,913,72.347579959,63.7835187374
21,912,72.334132417,62.3986022713
21,919,73.531706186,65.0078822057
21,912,73.543805458,63.0174321972
21,907,72.821742089,64.0498307683
21,904,72.565554506,65.9260968454
21,925,73.633053532,63.8801608183
21,917,73.192268786,63.2543576322
21,906,73.114994101,63.5480462948
26,887,71.517073493,38.6473896708
26,888,71.835462141,38.7731684827
26,886,71.551957202,38.6031917601
26,887,71.745947691,38.7321983185
26,886,71.821386278,38.9189294375
26,884,71.530770811,38.6364240058
26,888,71.837910417,38.7976134618
26,888,71.785661658,38.8493313666
26,890,71.890261953,38.7408262934
26,884,71.527459889,38.6010031436
27,787,62.155681747,54.3715582379
27,798,62.820986627,54.5714690128
27,786,62.664192489,55.0879772211
27,808,63.759842898,54.34653388
27,797,62.723406938,55.0413584207
27,810,63.639975156,54.9933062835
27,797,63.301484471,54.9134683861
27,797,63.010831006,55.9784063298
27,793,63.504257666,55.4230598032
27,800,62.969342435,56.0822024883
28,746,59.538742093,66.0403836946
28,775,61.717014746,66.6986264252
28,759,61.483881311,67.206700508
28,770,60.750236878,67.4960240623
28,749,59.746658823,67.087922916
28,771,60.800232844,65.688456075
28,763,60.693961543,66.219683801
28,768,60.730913314,65.7232639816
28,752,59.722198398,64.29756915
28,760,61.972653447,68.0146316476
29,950,73.662664855,48.0367240756
29,946,74.184412704,48.0771397708
29,944,72.546678755,48.0549748913
29,949,73.505007219,48.1889972472
29,955,74.041881222,48.1284065888
29,943,73.747604291,47.2207629695
29,954,74.583231328,47.774742091
29,951,74.16265006,47.6500343229
29,953,74.211481097,47.6585503163
29,945,73.432387137,47.2443967407
31,902,71.197306079,59.0812496423
31,911,73.03416245,59.0799406985
31,908,71.07632585,57.1318388596
31,920,72.600141422,58.4380957946
31,918,70.731686767,59.3866105463
31,895,72.790428712,59.2543213991
31,911,71.841426644,56.8534123596
31,911,73.452341254,58.1861556952
31,909,72.601274828,57.9557905985
31,922,73.685717071,59.2990115596
34,883,67.185714477,57.9220116315
34,828,65.2888879,57.5051395218
34,844,66.706172276,55.7811982499
34,860,67.578872837,58.9084268505
34,842,65.468654803,55.3440758491
34,883,68.168244384,58.9335965701
34,839,65.17356224,57.740262646
34,843,65.631020325,57.3299986384
34,843,65.397424326,57.293764827
34,841,66.483341802,56.8382649409
37,952,75.299376067,59.9935132014
37,956,75.322662933,59.0501778887
37,954,75.416237622,58.8119616178
37,944,74.566746044,59.9355318436
37,961,75.901036303,59.8039179042
37,955,75.486774057,59.7828016089
37,951,75.31292696,58.2114531034
37,955,73.284013505,59.1937077089
37,957,73.663263495,59.0497420264
37,950,75.020473628,60.2957885276
42,801,64.216116654,19.4366647169
42,825,66.23416135,19.4464566125
42,817,64.255424993,20.4879591624
42,835,68.126346304,19.1645685457
42,793,64.368643604,18.7545237963
42,824,66.390003763,19.3694634356
42,839,67.340790824,19.6733728276
42,834,67.139283851,19.2410719923
42,827,65.720911852,19.5933282268
42,845,66.878619926,19.3224230077
45,899,72.351630282,43.4096076314
45,881,72.801338529,45.7686850657
45,905,71.96526047,45.0594432624
45,895,70.721587423,46.7919716675
45,906,75.320975374,45.5793707768
45,875,72.727430263,44.7084728145
45,910,75.421270331,45.3800293836
45,891,71.919775103,45.9851381782
45,899,72.073249566,45.2347329242
45,904,74.154181591,46.129184782
48,956,76.062382623,66.3783357707
48,954,76.720896013,68.4981355664
48,952,76.103958026,66.717816993
48,965,75.798893976,66.0228067533
48,949,73.369062167,67.0945341018
48,957,75.80248749,66.6065819792
48,967,77.334389093,66.7199035897
48,947,76.055990487,63.8266468272
48,946,75.796836802,65.975164474
48,950,76.114369335,64.7260973602
59,949,74.154522301,71.0572654944
59,943,73.288457109,71.6146416135
59,948,74.029461069,70.1526697475
59,956,73.925368041,69.7759103031
59,940,73.427128895,70.7859675668
59,946,74.144473919,70.3777746988
59,947,73.699695724,71.2017747042
59,944,73.498972134,71.036759303
59,938,74.075594712,69.749903004
59,940,73.571452079,71.3683543796
60,923,74.529553941,58.1462960809
60,938,73.860903711,58.1031148717
60,938,74.576170784,56.9286630481
60,931,72.276323528,55.9435669269
60,927,73.252287481,57.2514303912
60,927,74.400005252,57.1459185313
60,922,74.395920795,56.5750857466
60,929,74.238107404,56.9090220362
60,926,74.616547461,56.9114511175
60,933,74.500799936,56.6908488569
62,929,72.397381778,62.3477837311
62,916,70.778409675,59.4510439232
62,910,70.998336914,62.2178324085
62,928,72.388021382,61.0178152953
62,919,71.425626455,61.4109157903
62,912,71.124278189,61.5963858321
62,907,70.040541991,60.3647160689
62,919,71.600810438,62.2050121689
62,906,70.543454185,60.6510894452
62,917,71.484522449,62.0719219601
67,924,69.715410886,59.7505414893
67,922,69.653502897,60.102361835
67,926,69.921712852,59.6555266185
67,925,69.953363138,59.5136249005
67,925,69.834250209,59.6244035231
67,922,69.623388647,59.7618118287
67,922,69.715076183,59.8203520054
67,926,69.854168931,59.6628675093
67,927,69.923312652,60.1218971465
67,926,69.606007282,59.4250993049
69,948,74.282563118,51.6946140674
69,926,72.338295053,50.6893755069
69,936,73.87536347,51.8664633069
69,936,72.225893564,50.8137343172
69,926,71.875901029,50.542382947
69,934,72.831799416,50.5123052711
69,930,73.431768073,51.991772302
69,928,72.381974568,51.4227220939
69,931,73.122121091,51.8139748767
69,933,73.627534272,52.1954720428
74,829,65.278340524,46.0439604713
74,853,67.447833871,47.6812745205
74,833,65.644582105,45.7161143589
74,863,69.250005089,47.0221047976
74,838,66.274411496,47.3654451316
74,838,66.940967953,46.9151802862
74,850,67.700553422,46.691880282
74,836,67.726964074,44.8924964998
74,842,67.219576886,46.6152927295
74,847,67.335639105,47.0242468773
76,827,68.566975354,29.4733390622
76,837,68.594556841,30.4841744266
76,826,68.124825689,30.2612491465
76,822,65.883031545,30.1571280613
76,816,67.710928541,29.9802317847
76,822,68.598443684,29.9187332408
76,814,67.467650308,30.4435144374
76,824,66.801765902,29.6512091207
76,826,66.485853763,29.9010927915
76,821,68.087712613,29.9644827241
77,879,75.110130744,44.701790167
77,899,76.719274141,45.0316065589
77,884,73.592137545,44.2007876028
77,875,74.560304584,44.0178382289
77,890,75.279180384,44.4926448097
77,875,75.640038769,45.1831257969
77,888,74.981782602,45.339393699
77,897,76.230299978,43.9693918071
77,883,75.863554981,44.1036214586
77,897,75.57246191,45.0043105691
79,819,69.536550586,35.8567522747
79,825,69.946728579,35.1741118537
79,817,69.632741151,36.2628421456
79,822,69.5647058,35.3166190076
79,838,70.402611282,35.540746911
79,815,69.30698379,35.5187738919
79,822,69.92730141,35.3016581851
79,810,70.009022224,35.2620188387
79,829,70.983646442,36.3469910939
79,819,68.268199973,36.4844496435
81,859,65.164565129,39.7394581773
81,855,65.25915658,39.7239680768
81,847,65.483769248,39.4292614406
81,858,65.789184449,39.7808572029
81,849,65.181723312,39.5565219434
81,861,65.749514816,39.9337100413
81,853,65.426310888,38.9218643573
81,846,65.063524445,39.5770205924
81,856,65.883274185,39.8425224301
81,852,65.942962233,39.3549236084
83,921,72.861521443,34.0695188532
83,925,73.222016638,34.431482426
83,917,72.965837844,34.1716785128
83,922,73.627866128,34.1483403907
83,939,73.283837093,34.2697910721
83,942,74.266078223,34.6320721126
83,929,73.862561056,34.6603555936
83,923,74.434798774,34.4285188636
83,936,74.73570427,34.799327503
83,912,72.556147013,34.4549125168
84,925,74.875328885,40.5345493698
84,888,71.919565269,40.7631368762
84,912,74.063716337,40.770563653
84,905,73.748963497,41.9190543061
84,887,70.617742633,39.512416777
84,895,73.264497959,41.1246036938
84,894,73.680049224,39.3440365506
84,893,70.79387395,41.0059791843
84,909,74.599177059,41.7714760865
84,897,72.966156145,39.1452631785
85,878,69.926667225,41.7131050844
85,880,70.946062512,41.3368331852
85,890,70.459270809,41.393298425
85,908,72.688963052,41.3800773032
85,890,69.536375981,41.7708217757
85,891,72.018964674,41.404224266
85,875,69.902145453,41.7945536472
85,889,70.588607387,41.5710748461
85,875,70.370819588,39.848128819
85,899,69.927063999,41.8580801792
86,841,66.05425777,22.8869121908
86,836,67.753365543,22.8730559689
86,838,67.535623847,23.560698987
86,833,67.545251324,23.1286734838
86,859,68.402601037,24.0313308476
86,833,66.719296391,23.1951458359
86,838,66.5291012,22.8273857293
86,846,67.521899724,22.7330205649
86,834,67.806828017,23.0120137094
86,820,65.882771859,22.5026932911
87,901,71.990244984,32.9003848317
87,917,72.628480621,32.8664246876
87,895,71.939957529,32.0658954151
87,890,70.512958152,32.9804086066
87,893,71.317028989,32.4165855408
87,891,70.528987955,31.9375301909
87,905,71.974755154,32.8249904859
87,905,71.818342899,33.2625810516
87,907,72.796451381,32.7520191108
87,899,71.830693356,32.4134333423
88,859,69.151125672,29.6546163897
88,849,67.716949977,29.6089855869
88,861,69.103590287,30.4076718556
88,864,68.720867741,31.0286481691
88,856,68.406128502,29.8444822682
88,835,67.135387567,29.798681967
88,857,68.443191109,30.3609345855
88,843,68.193663188,30.0175508868
88,843,68.2128212,30.492801793
88,839,67.548636479,29.322073657
90,906,73.500557003,32.5930633813
90,908,71.940792691,31.8961779408
90,908,73.341665833,32.8457113765
90,906,72.373745699,33.016887106
90,905,72.527555396,32.6317839694
90,909,70.923997768,32.0887253255
90,900,71.611711378,32.8821288712
90,909,73.673473814,33.4565650145
90,924,73.894814223,33.0084408772
90,910,74.16793331,32.5056580161
91,933,74.418874189,38.710223733
91,928,75.420101801,38.6414627726
91,926,75.571497514,38.5432111554
91,925,74.262775577,38.4368686444
91,925,74.368415227,38.5255315921
91,907,73.215437858,37.2171352343
91,930,74.754155896,39.3351861845
91,927,74.19843653,38.8378737235
91,924,73.899578149,38.1266926166
91,912,72.674447051,38.3300553151
93,936,74.613887556,36.0115416991
93,942,71.661601656,35.1393494828
93,934,71.072320972,37.1709211884
93,950,72.747560876,35.2369353556
93,962,74.380001952,35.4768757289
93,961,76.329697027,34.7565412897
93,962,75.177667279,35.6559865844
93,956,75.875100389,35.8393634929
93,971,76.209081975,36.4940195425
93,963,75.120234703,35.1931056706
94,871,73.473754074,31.7327782742
94,897,73.299618895,32.3567329811
94,876,72.6924843,33.0253717418
94,889,72.427341321,31.7263915989
94,883,72.216498938,32.3987311847
94,879,72.345610676,31.7315825433
94,895,72.950849392,31.6396559583
94,885,72.360396163,33.4797374352
94,872,72.890899657,31.467568737
94,884,74.177682308,32.5635778417
95,901,71.023574014,42.3285462393
95,905,70.945306501,41.1915691156
95,924,72.562388884,42.1136858951
95,901,70.8207389,40.7380720198
95,908,71.027243555,40.9024094076
95,892,70.42838096,41.8058016001
95,902,70.875978904,41.7563776342
95,914,71.3231078,40.8235123019
95,897,71.566269945,41.8101713694
95,883,69.723854662,40.6745363421
96,863,69.016306056,37.7859332417
96,872,68.970539152,37.7642613192
96,867,68.937795509,38.2405978917
96,868,68.932097067,37.802761728
96,860,68.362239081,37.8926477606
96,868,69.12596576,38.4809176737
96,875,69.514673049,37.875201212
96,867,68.865213655,37.6808385871
96,865,68.738980149,37.7139678394
96,864,68.875313048,38.4591347656
97,850,70.338055175,42.7492582336
97,857,70.836362827,43.0535168669
97,851,70.058634667,42.9899510989
97,845,69.577432938,42.3910120457
97,860,69.976433792,42.2905067063
97,848,69.694094808,42.8338328383
97,848,70.268062633,42.9548651754
97,855,70.669230981,43.4695197161
97,855,70.149624714,42.579407268
97,855,69.945030868,43.0076889684
99,877,69.778735225,34.4692754881
99,868,69.645040119,34.8334579718
99,877,69.025929044,34.8572866435
99,879,68.729621969,34.479971985
99,889,69.768667721,34.9961996314
99,872,69.224225304,35.0997655994
99,881,68.82721358,35.4351155351
99,869,69.006049379,35.2734074883
99,876,69.523711293,34.7718747691
99,862,68.539644747,35.0758350515
102,918,75.016982768,56.6155239767
102,916,74.571185333,56.3947207492
102,915,74.753076177,57.2434420482
102,918,74.768820561,56.3462618657
102,918,74.254445443,55.9573604913
102,916,74.785433941,57.4470185895
102,919,75.364932304,57.0028946782
102,915,75.50098238,56.0479209724
102,920,75.409326244,56.07954884
102,924,75.699302456,57.5169225571
104,964,75.731760422,67.384593355
104,938,75.23207223,65.3417270227
104,952,75.814640321,64.1305698402
104,960,76.103998891,68.1968331096
104,954,74.173178522,67.3777830183
104,945,76.782359736,66.26548438
104,926,72.616723222,66.2338011785
104,968,76.476370122,68.2120969891
104,940,73.341276955,64.5622077047
104,950,76.139709808,65.4898951138
107,813,67.28594954,29.859603875
107,830,67.364315066,30.15698596
107,831,68.483339491,29.0438844017
107,828,67.652572226,30.2310312088
107,834,67.883424032,29.7895554095
107,830,68.367231125,30.4993409283
107,826,67.130715024,29.8961761856
107,817,66.609520717,29.2384302618
107,833,67.845194854,29.8003469878
107,832,68.064652216,29.6039454658
108,898,72.803345061,51.6855965164
108,906,74.516375536,52.3759875738
108,899,74.037469992,51.5645822221
108,882,73.502593489,51.2270478813
108,888,73.959379643,51.2582293485
108,880,71.91896697,50.8299579064
108,894,71.740193874,52.0535956835
108,879,72.961189107,51.3410441164
108,887,71.25137514,51.2464908165
108,891,73.390818635,51.98957609
109,864,70.988262398,60.730512148
109,872,71.540390131,60.3209072264
109,873,71.428314959,60.9893230566
109,872,71.540302675,60.3668797114
109,863,70.239282116,60.489892517
109,860,70.516646334,59.8005651153
109,877,71.707613511,60.7896961465
109,864,70.796408993,60.8132633727
109,867,70.425907447,60.9557480318
109,872,71.455888901,60.3960470787
113,967,74.285218703,35.673873904
113,973,76.199051586,35.607027492
113,974,75.480220225,36.5477456323
113,981,77.064629351,36.8447959029
113,968,75.754407348,35.8108871812
113,966,76.434135481,34.8485937503
113,959,75.332254523,36.3374568777
113,957,75.922675307,34.5191748623
113,962,76.141740494,35.668704613
113,951,74.392954401,37.2372302483
116,1021,82.741560783,42.4420069764
116,1018,81.026346492,42.7916181918
116,1018,82.651127644,42.6514827388
116,1007,82.182419916,42.3981450812
116,1012,81.505402276,42.2241017812
116,1018,82.710540599,42.7112572192
116,1018,81.625447275,42.668828554
116,1011,82.336238897,42.7494866722
116,1023,82.645437481,42.4743992195
116,1023,82.917275682,42.7776604363
117,960,75.671142563,59.4194717609
117,918,74.967610369,58.9146087978
117,938,74.075473124,56.8695785076
117,939,75.594339376,58.028201706
117,946,74.06658138,58.9245894153
117,936,73.920261668,59.182103332
117,948,75.261567558,58.2196080001
117,941,76.180542643,57.0204667838
117,940,74.069837281,57.2445684743
117,933,74.536249096,57.710585023
118,959,78.801776703,42.9258241758
118,958,77.161512561,42.5833735879
118,965,77.347754013,43.6743205914
118,962,79.341722644,43.0488254397
118,976,78.808619857,42.9220816673
118,965,77.350284449,42.5500228706
118,960,77.658204737,43.359904825
118,959,75.77620138,41.3685759126
118,985,79.337050225,43.896169099
118,957,79.193581853,43.0929420494
119,922,74.986131864,55.2046799767
119,915,74.526264419,54.9042350039
119,924,74.775913967,54.3416425101
119,916,74.983280395,55.125082257
119,929,74.680023172,54.4998109538
119,922,74.285678855,54.0478458555
119,910,73.760976735,54.9781891215
119,914,73.384714269,55.7968575907
119,928,74.87634832,54.8546352167
119,933,75.494052306,56.0121126194
120,932,71.484718147,48.7141741501
120,919,70.869255563,49.810021465
120,931,71.241282341,49.48489319
120,926,71.98933536,48.5202094254
120,915,70.84193975,48.7358380508
120,925,71.787436758,50.3188960034
120,913,70.869245475,48.1575232586
120,930,72.452602326,48.4238784197
120,912,69.817261071,49.1135766809
120,924,71.518508274,48.1642642231
123,981,76.688502014,51.1914817374
123,1004,79.475991108,50.0376846312
123,992,76.372502798,48.873466595
123,998,77.282710971,48.9095463792
123,984,76.437148952,48.4025641258
123,975,75.375267975,47.2698695942
123,987,78.606104446,49.1177982947
123,985,76.675469085,48.1831199474
123,981,78.215302507,48.9380444357
123,1016,79.27432664,50.246600896
124,932,73.658037281,50.5344810977
124,938,73.794725643,53.0294744448
124,939,73.773379541,52.9864487157
124,943,74.020502515,53.0841034676
124,920,73.181903925,53.0914134593
124,915,73.007667211,52.3691303615
124,934,72.580067038,51.8517558301
124,922,71.220802685,52.781328605
124,931,72.766879516,51.5772151205
124,928,74.243214161,52.9314950666
125,887,70.046761124,63.6037486459
125,908,71.396472388,65.1636932338
125,902,70.978031377,63.8600188387
125,897,68.382238792,63.2393570138
125,891,70.314367933,63.7856801148
125,894,70.239112192,63.7065675499
125,886,69.843851983,64.080870058
125,897,68.865754129,63.9093765041
125,900,70.374214693,64.4328599532
125,904,70.618085784,63.8638422882
56,882,69.148002158,59.2311792928
56,893,71.928236607,59.7629279352
56,882,69.378656837,59.6846783835
56,875,69.558562216,57.4911921697
56,874,70.727525269,59.1972118113
56,871,67.31528392,57.9949689364
56,863,68.515666139,60.2973791367
56,877,69.813583803,59.8066004059
56,860,68.592578433,58.0991061816
56,876,68.769272326,57.9022031788
58,932,72.895111994,63.8160820515
58,927,75.091254766,59.6047460279
58,939,74.908991597,62.8693574752
58,948,74.836206859,59.6105197665
58,940,76.143902177,61.9323273201
58,919,76.341439747,61.357221745
58,945,74.46190416,64.4820679399
58,935,75.250667999,61.5333732018
58,929,75.487032768,61.2096948505
58,932,74.308751781,61.6402865503
78,885,75.987520912,42.5107372823
78,888,75.233926827,42.6438095847
78,884,75.622704119,42.5963542845
78,886,76.092454085,42.4931247452
78,881,75.791501502,42.4360409296
78,885,75.802184116,42.5035098602
78,889,76.12512848,42.5669465
78,889,76.163238929,42.3745646676
78,883,75.975838885,42.7915037469
78,888,76.025147236,42.4413314907
105,947,75.812837801,46.3019902621
105,948,75.887880637,46.3322923046
105,948,75.877774525,46.3779542395
105,949,75.903326641,46.387971599
105,946,75.735647746,46.153002974
105,949,75.897195275,46.3866939768
105,950,75.932402677,46.5711279382
105,948,75.850387801,46.2594868088
105,948,75.842249428,46.3072165456
105,950,75.932402677,46.3383977341
115,963,76.873000005,39.943679412
115,970,77.284270177,41.0037198062
115,962,76.775532905,40.6228498453
115,955,76.239048134,40.5432799513
115,947,75.173945036,40.7141775673
115,959,76.027786933,40.2693516257
115,969,76.872094479,40.3768675878
115,950,75.413948766,40.3960326046
115,956,76.651698512,41.2163989747
115,973,77.64915758,40.5074571697
128,1011,82.570532356,43.4262202089
128,1000,82.331777072,45.2689043652
128,991,81.427602364,47.4469113543
128,985,80.1792753,44.800734732
128,1018,82.977190792,44.9303158882
128,1015,82.286353624,44.8338764771
128,1012,80.761605391,46.1432864402
128,1005,79.374987173,45.2326868357
128,1003,79.151037868,44.7616929432
128,1007,81.432784986,43.8714949075
180,70,5.263706838,9.07682969031
180,73,5.349397448,8.90709895787
180,77,6.400885159,9.06851860931
180,76,6.258941647,8.96988696821
180,72,5.502180322,9.04551959867
180,74,5.954464522,9.17433296865
180,76,6.043115833,9.02332388234
180,72,6.024266318,9.1688101148
180,76,6.30000771,9.00543675102
180,71,5.72768736,8.98694898418
181,74,5.378358031,9.28607225551
181,72,5.641766552,9.38360285778
181,72,5.619995348,9.3094050592
181,70,5.678314594,9.16741796522
181,72,5.45408754,9.16700302884
181,68,4.993551244,9.09970374777
181,73,5.403175295,9.30750152628
181,72,5.330123936,9.3062509797
181,71,5.321920338,9.18337418978
181,70,5.314925611,9.20769775042
182,72,5.154919856,8.81262540779
182,73,5.839644308,9.00011784529
182,71,5.343819796,8.77173986638
182,71,5.619401486,8.78162138369
182,69,5.239638133,8.90298775923
182,69,5.035747004,8.82841425127
182,71,5.230541247,8.83308343068
182,69,5.277496886,8.73958044005
182,73,5.475763969,8.89611451079
182,72,5.84200218,8.98924128275
183,48,4.242123752,2.6823530674
183,45,4.050780428,2.68596420029
183,48,4.278801101,2.75498837998
183,46,3.538651301,2.71167688743
183,44,3.478184825,2.71870910254
183,46,4.072626557,2.6987771672
183,45,3.864140352,2.68461871199
183,49,4.105831671,2.71432961614
183,48,4.268562213,2.71035877951
183,47,3.701014403,2.70977764835
184,48,4.099071792,2.44013807521
184,43,3.877304145,2.41677185289
184,48,4.08353363,2.39246505095
184,46,3.693195723,2.39612929274
184,46,3.961265531,2.40602553004
184,48,4.036166164,2.38417047892
184,46,3.982588791,2.3959224395
184,47,4.00546634,2.3774384067
184,46,3.928196503,2.39972937052
184,47,4.068371968,2.399804056
185,42,3.651751602,2.5111031959
185,47,4.024188402,2.47311262864
185,46,4.684230669,2.51885044703
185,44,4.010244326,2.45007493784
185,44,3.82518534,2.49799906372
185,44,3.928453961,2.49255349643
185,44,3.62869711,2.52854150486
185,43,3.767781934,2.52033397576
185,42,3.450488789,2.5245205896
185,46,4.439620804,2.47153372415
186,37,4.440514078,2.02613344913
186,36,4.325445741,2.04537406696
186,34,3.909050137,2.01616663214
186,36,4.054610971,2.04126168088
186,36,5.032182882,2.02457236128
186,40,4.200651392,2.02648155433
186,38,4.649753077,2.02420877791
186,35,4.400707686,2.03464595126
186,37,4.33624801,2.06498894489
186,32,3.55520034,2.0209948524
187,34,3.839393118,2.12703645461
187,32,3.980221053,2.15329466196
187,28,3.458491161,2.13627184647
187,29,3.468911422,2.16697665719
187,35,3.900217553,2.12434283123
187,35,5.196656891,2.124248348
187,33,4.026125622,2.12842249506
187,35,5.220576995,2.13748632677
187,34,3.701462589,2.15243099256
187,33,3.998814507,2.11816290937
188,33,3.894949528,2.04830570553
188,37,4.020003951,2.02116705091
188,35,3.84658402,2.08482555808
188,28,3.548675878,2.06446897922
188,31,3.846280677,2.04743130548
188,29,3.587506902,2.05883798669
188,34,3.96472713,2.08171783356
188,31,3.645296051,2.04825404905
188,34,3.985390839,2.05558203902
188,30,3.639708175,2.06591935477
189,27,5.965934453,2.12768532172
189,33,6.131913592,2.1442165187
189,32,6.059803155,2.1411307606
189,28,5.824366739,2.14223933633
189,29,5.734961287,2.12114003057
189,31,5.937223565,2.15271624691
189,24,4.551839753,2.1255676428
189,30,4.914670414,2.13187498872
189,28,5.617778528,2.13611754895
189,31,4.900679685,2.12234665216
190,32,6.981895923,2.14149313601
190,35,7.013569507,2.13069936278
190,28,5.636117979,2.08667813166
190,32,7.019128935,2.12215030859
190,33,6.849697262,2.09864263074
190,31,6.795929714,2.08551620078
190,34,7.172823795,2.0961269404
190,32,7.128890669,2.12210133392
190,32,6.869639423,2.09339252052
190,29,6.394454651,2.07671663831
191,27,7.149270615,2.14440762616
191,25,7.049732602,2.1466235088
191,26,7.932927702,2.13699386135
191,27,7.954239231,2.16291699096
191,27,8.304185042,2.13130759651
191,25,7.601931162,2.13718882197
191,28,8.238863533,2.13671803715
191,27,8.482812682,2.1513639143
191,27,7.656996736,2.13757042543
191,27,7.78743507,2.1405454016
18,NA,NA,NA
39,NA,NA,NA
44,NA,NA,NA
46,NA,NA,NA
52,NA,NA,NA
68,NA,NA,NA
70,NA,NA,NA
111,NA,NA,NA
129,NA,NA,NA
